Clean Tweets,Sentiments
akun kloning dukung serang paslon opini argumen kecoh,negative
bicara kasihan mata wkwkwkwk,negative
nunggu hasil nunggu motif cuit kayak pasca,negative
kasi kasi peluru mempan menangin pilkada,negative
maaf dukung dukung putar,negative
aneh lebay sangkut paut kandidat lebay dukung,negative
allah ucap syukur makna suara,negative
terima kasih untuk dukung kalian beda kali,negative
trima kasih keistiqomahan rawan antar signifikan,negative
kenang pidato kalah,negative
politik cantik ngorbanin,negative
batal kertas,negative
survey panggang,negative
kemarin suara paslon,negative
karna belebihan,negative
mana lepas kalah tutup mulut bongkar,negative
catut nama langgar hukum wkwkwkwkkwkk,negative
suka ahok udah kalah otomatis dukung lari aniessandi,negative
ksatria gentle cinta,negative
foto pelan skrang,negative
double nuduh miskin copy,negative
mana kalah melempem akting,negative
modal omong kerja,negative
pakdhe pilgub karwo isyarat agus maju pilgub jatim,negative
paslon salah langkah sandi bumerang gagal suara,negative
rawan gembos,negative
mana sang bangun semangat pahlawan rakyat,negative
tabir gelap tiada harap sergap mana rakyat cari,negative
angkat video dishare video sebar buzzer jelang sebar,negative
carik coblos piss,negative
awas kalo dukung suara dukung,negative
laku kirim gelap antasari azhar,negative
antasari ancam harry tanoe,negative
tuduh kerap anak ingus dengar dudah ubah,negative
joke baik pilkada serentak,negative
curiga saldo kenti orang buat curiga mekanisme,negative
ahoker bully,negative
sayang mayor kader pimpin taruna beliau atas pilih,negative
tuju syukur kemrin banjir sibuk cari bela,negative
pakai sedot sodet versi,negative
suara ngerti suara suara ngopi,negative
cari teman gitu pdhal gubernur,negative
kesatria lapang dada kalah menang ulama bayar,negative
agus ahok anies rebut suara penting kelompok,negative
hilang sempat duduk gubernur,negative
konstituen risih mulut ahok pilih anies gerombol khilafah belakang pilih ahok,negative
cari teman gubernur hasil resmi dengar nyata,negative
blunder butuh suara ngemis orang,negative
caci maki pepo memo emis suara,negative
golput pilih,negative
merhatiin rawan rehat ganjal islah rawan,negative
pakar surat anas urbaningrum jeruji sindir,negative
keluarga pilih program keluarga milih,negative
debat pilkada jual mimpi,negative
ahhhh bang situ bikin kalah,negative
rendah dukung paslon berat foto,negative
bangga anak,negative
dukung sulit lupa,negative
hancur,negative
anggap bulan jual elit partai gerindra,negative
konferensi pers konferensi pers rengek anak,negative
tidur,negative
coba etika dukung konstituen setia tipu meme berita rachland nashidik,negative
kasihan sadar musuh sarung selfienya motivasi selubung,negative
amieeennnnn lupa manis sang mayor sejati,negative
pilkada target hoax fitnah dukung,negative
mentah dikarbit pilkada menang milu pakai sentimen sara,negative
akibat nyata suara lorot pilkada,negative
enam kampanye pilkada kubu dukung ahok sibuk serang program kampanye program ahok,negative
contoh dukung paska putar pilkada rentang,negative
jalan jauh hiruk pikuk lanjut jalan politik kecewa,negative
kalah diam lepas pilkada,negative
jujur nilai subyektif cepat kalah pilkada catat,negative
tolak bajing tengik tukang sogok pilih bangsat sungguh bahaya,negative
tolak politik bawa agama,negative
astaga dukung terima hasil tolak semangat,negative
tolak ukur dewasa warga kalo menang pola pikir warga,negative
suara warga harga sembako tolak suap warga,negative
pilkada asyik,negative
tinggal seleksi pilkada kalah tendemnya salah kurang kualitas,negative
gelintir dukung tikung tweet akun resmi parpol dukung,negative
tanggung akibat cuit ayah,negative
kering darah menghisap darah mumpung stok darah darah hantu minum setan,negative
reaksi dukung sikap baper cundang ajang pilkada,negative
suara maaf kecewa,negative
kalah respon,negative
lini tahan rapuh debat aksi efek antasari efek,negative
gagal pilkada jakarta maju pilgub jatim,negative
ahok anies,negative
dasar survey masuk,negative
tinggal zona aman nyaman maju hasil sesuai harap,negative
kasihan kalah bantu juta allah politik,negative
jual baju bekas info,negative
vocalis band rock lompat lompat mulu bang kerja,negative
kasi nasib karir tamat nafsu cepat parpol dagang,negative
kalah antasari survey tunjuk merosot elektabilitasnya,negative
rusak hasil,negative
pepo prihatin cundang,negative
selamat rakyat mundur kalah pilkada,negative
sylvi kalah tmpat,negative
pilih moga demokrat dukung,negative
demokrat tantang main politik kotor,negative
mesin robot lupa masuk trending topik,negative
dukung mari rapat baris paslon buang issu miring paslon pimpin simulut,negative
rakyat menang aspek penting rakyat,negative
maksud hati caper kena protes,negative
menang pilgub ngumpulin bola dragon ball,negative
lihat inget norman kamaru jual haji,negative
singkir dilanjuntukan putar,negative
nyungsep orang bapak saran coblos,negative
nyoblos pakai baju sedih,negative
cemas situasi sosial pilkada pilkada jakarta dampak negatif,negative
sisi umat islam tunda tempat sisi umat islam hindar hujat buka,negative
ngomong barusan omong sisi negatif orang,negative
bicara negatif solusi atas,negative
kicau negatif yakin pengaruh elektabilitas,negative
alloh tuhan dukung senator aura negatif,negative
temu foto lingkar penuh integritas kwalitas negatif,negative
sentimen,negative
senjata makan tuan karma kicau negatif yakin pengaruh elektabilitas,negative
anies hilang debat,negative
nyuruh mantan pilih pilih paslon,negative
kagak lawan pasang pilgub jabar demokrat emang pilgub,negative
kemaren pake seragam,negative
suka ahok udah kalah otomatis dukung lari aniessandi,negative
ahoker bully,negative
ahoker ngebully program,negative
kirim sejati,negative
kisah sedih lagu jatuh bangun,negative
hati mantan,negative
kasihan moga orang aamiin hati,negative
bangga anak,negative
dukung sulit lupa,negative
versi video bingung bicara kota apung muka tanah bikin bengong,negative
ahokers dadak salah banget,negative
hoax tidakada foto tulisanya penuh,negative
deklarasi konsultasi tuju,negative
kena telikung nama bajak,negative
pilih mules kontestasi politik putar cuih,negative
biar korban juang rezim koplak,negative
hati cermat susup masuk pantau team,negative
dukung dukung gembos,negative
suara melanjuntukan program usung,negative
tweet kontraproduktif,negative
nyungsep,negative
suara rusak nyanyi peka moga bikin jeblos penjara pupus sana,negative
awas dadak metamorfosis kecebong brubah anjing jilat,negative
tinggal tunggu sikap manuver agus,negative
moga suara beneran,positive
terima kasih karena anak muda berani suara sama,positive
ketemu istiqlal bangga,positive
singkir kancah pilkada angkat dunia,positive
pilkada kualitas pimpin muda jiwa,positive
pilkada keliling nusantara rajut satu,positive
titip jaga bangsa satu saing satu,positive
kalah pilkada menang hati,positive
dukung ahok antem mending kaya dukung kopdar biar luas calon,positive
pilkada tantang matang,positive
semangat faktor kalah pilkada kemarin wakil maju,positive
upaya demokrat kenal hasil pilkada blusukan indonesia,positive
prinsip menang ajar,positive
pilih warga mayoritas calon bukti putar pilkada mayoritas pilih anies,positive
akun ucap selamat paslon menang pilkada jakarta,positive
rang selat aiman kompastv sempat wawancara pilkada,positive
pilkada jalan martabat,positive
salam kagum berani pensiun berani tantang ahok saat,positive
pilkada anies sandi,positive
mental kalah indonesia guru sosok,positive
bukti jujur surveynya pilkada ahokdjarot disurvey langsung kalah menang,positive
habis pilpres harap ketua,positive
sebentar lupa gila pilkada mari lari kepri april,positive
bilang menang bentuk yakin hasil goal goal improvisasi politik pilkada,positive
moga anies menang pilkada presiden indonesia aamiin klop,positive
pilkada harap pimpin,positive
pikir target pilkada kemarin bangun sentimen positif,positive
tolong harga sikap dukung pilih sikap netral putar pilkada,positive
pilkada pilkades rame,positive
pilkada putar kemarin kaos lingkung utan kayu,positive
semangat dukung pilkada tentu pilih,positive
salah menang pilkada silvy pakai helm keliling komplek pilih jamin segan,positive
maju satu menang pilkada,positive
tunggu kualitas jiwa anies ucap peran suara loyalis menang pilkada,positive
terimakasih jakarta gubernur,positive
dukung,positive
lupa pilih paslon,positive
sinyal positif rapat,positive
rapat baris komando,positive
putar rapat baris komando,positive
tuju great applause patut tiru demokrasi positif,positive
mpok silvy menang paslon,positive
quick hasil kpud rapat baris,positive
mari masuk kritik bangun kalah,positive
hasil bangga,positive
fokus menang,positive
rakernas partai demokrat,positive
sambut mesra intim,positive
ngawal abang keliling ampenan,positive
tiap acara massa rakyat harap pimpin negara masa,positive
kalah sukses sali jadi alam,positive
tandatangan petisi stop hoax fitnah dukung gera bebas pers hoax,positive
mesti,positive
demokrat,positive
jago kalah duluan gitu jago ahok,positive
pesan lupa gembira cinta indonesia,positive
salam kaum hormat,positive
jalan lari songsong songsong,positive
langkah agus yudhoyono,positive
muka pulang terima kasih kepri,positive
pimpin muda,positive
inspirasi kaum indonesia indonesia emas,positive
setia politik indonesia regenerasi matang kutu loncat,positive
hinggahy,positive
sapa indonesia,positive
harap bangsa,positive
putri wanita inspirasi,positive
keren,positive
wartawan pilkada pikir pilkada,positive
agus kasih kuliah,positive
kuliah perspektif umrah,positive
insya allah dahulu nglamar,positive
hmmmm calon tokoh dunia,positive
gembira,positive
terimakasih kpada dukung tlah suara,positive
voter pilih,positive
logika pilih putar psikologis pilih paslon gubernur,positive
suara pilih putar pilih paslon puataran kali selamat jakarta gubernur,positive
olahraga siang,positive
gaya sporty,positive
putar kelas pimpin besar hati,positive
peduli,positive
dukung dukung basis massa mayoritas pilih kunci menang tipis,positive
suara dukung tentu menang salah,positive
moga pilih putar kebon kacang alih,positive
fans dukung menang,positive
moga esok jakarta milik pimpin sesuai tuntun diridhai alloh,positive
sylvi contoh berani betawi ngga ngambang contoh perempuan betawi tulen,positive
putar dukung kalah hormat menang curang,positive
insyaallah jalan,positive
baik,positive
postingan januari tetep,positive
salam ilaaqwamithoriq cermin beliau jatuh hati,positive
suka orang jiwa,positive
kalah pilgub,positive
bangga pada nanti saat,positive
pribadi kagum pribadi sikap,positive
prananda demokrat kagum salut,positive
agus harimurti yudhoyono lovers annisa larasati pohan lovers dadak,positive
terkadang sikap dewasa ajar muda,positive
bangga nyata,positive
hayoo sibuk twit,positive
bagus program persija,positive
pingin lihat debat,positive
pesona,positive
dukung,positive
nasionalisme jiwa pancasilais milik jiwa mondok,positive
marasa untung,positive
dukung anies sandi bangga jiwa silvy prabowo,positive
sylvi menang hati ahysylvi panik ketar kubu,positive
menang anis sandi menang silvy kaum pribumi,positive
silvy maslahat bangsa,positive
pentol band coldplay chris dukung pasang pilkada jakarta,positive
turun baik nkri depan,positive
politik,positive
apresiasi rela rawan dukung,positive
menang ajar bijaksana,positive
politik santun,positive
muncul tampil,positive
gunawan freely anggota dprd talaud pasang spanduk perbtasan lanjut,positive
polling buka pilih pribadi mbak ambil putus timses,positive
sambut hangat dukung gabung,positive
puji bela malu salah harap dukung politik massa,positive
nikmat selamat malam,positive
bangga juang,positive
jiwa besar teladan,positive
nyesal dukung beliau bngga hadir republik,positive
pimpin muda,positive
menang hati,positive
rencana putus allah putus,positive
semangat dukung tidur maju insyaallah menang,positive
ikhlas korban,positive
tetep semangat mendharma bakti jiwa raga negeri,positive
mundur selang lompat,positive
harap moga,positive
baca strategi politik calon agus yudhoyono,positive
nunggu skenario,positive
skenario menang pilgub pikir matang skenario kalah menang,positive
jiwa hasil pilkada sungguh sulit deklarasi,positive
warga hilang ahok,negative
warga mudah provokasi isue,negative
kalah besok kalah,negative
hilang sosok gubenur jujur kerja keras layan,negative
ahok kalah telak seluruh wilayah,negative
ahok menang tipis habib rizieq coblos,negative
langsung cuit curang black campaign demokrasi nama hahaa,negative
hasil lurah pela mampang sedih,negative
tenang pilih awasin kemarin tahu sembako,negative
tunjuk haram pimpin,negative
harap jakarta bebas korupsi suara beli,negative
lembar sabar colok mata,negative
nista agama,negative
rejeki kasihan dukung,negative
ahokers tukang,negative
warga terima pilih,negative
rumit beda hitam putih doyan gaduh,negative
gubernur udah bosan,negative
warga pesan rasulullah serah,negative
ahok lawan pilih djarot ahok ajar humas diplomasi,negative
hoaks muktamar wajib nahdliyin pilih pimpin muslim,negative
biar,negative
kronologi usir sholat jumat,negative
iblis manusia ibadah semangat,negative
larang pilih cagub pilih,negative
aneh umat usir,negative
sembako gratis langgar pasal ayat,negative
sesal beri gelar sunan ahok,negative
kalah,negative
polisi pihak ahok,negative
kubu badja sindir anies spanduk jakarta bersyariah,negative
baju kecewa,negative
turun pangkat jakarta butuh nista agama,negative
mulut jorok tanda suara anies kuat,negative
dukung putar tinggal pilih umat islam milu,negative
apbd alat kampanye putar,negative
sedih indonesia batas bhinneka batas ahok,negative
djarot pimpin,negative
hilang ahok,negative
tertib tertib,negative
kafirrrrrr nista iqra,negative
lihat raut wajah djarot bikin sabar kuat,negative
negara nyata pakai,negative
pakai sarana hina gubernur,negative
remuk hati lihat beliau,negative
politik indonesia jaman,negative
mental tempe benci hukum mental badja,negative
mati hukum benar indonesia,negative
tangis sedih djarot pimpin balai,negative
mulia buruh sidoarjo buruh demo karang bunga beri masyarakat,negative
habiburokhman sindir,negative
emang dukung raya,negative
saksi tolak tandatangani rekapitulasi suara pilkada,negative
abused kaum islamist radicals,negative
deddy corbuzier sindir karang bunga,negative
bawa ciduk,negative
takjub besar cinta warga geli,negative
nama suka sayang ajak komitment,negative
salah faktor kalah kompak pukul agama,negative
menang kerja,negative
enak gubernur tinggal terima rapi,negative
bukti cinta kalah terhornat karna kelici jijik,negative
pikir itung bunga udah cinta lebih materi,negative
saran bikin pansus karang bunga undang bentuk cari fakta karang bunga gila,negative
karang bunga sindir ahok djarot rusak,negative
sebentar komen settingan citra suruh ahok hahaha,negative
gembira kaga benci tetep fokus perhati,negative
dukung menang stres kembang hati rakyat bohong menang,negative
paksa kawin paksa bandot bini move,negative
karang bunga nyasar rumah orang orang ngomong,negative
masuk usul masuk,negative
galon saing bunga,negative
catat sejarah dunia kalah banjir bunga,negative
hati hati komentar tuduh nyinyir,negative
tukang karang bunga pilih ahok terima order buatin bunga orang kapir,negative
jakarta ahok telolet,negative
lantik oktober kayak,negative
menang pilkada banjir ucap selamat karang bunga fenomena alam,negative
kirim bunga juta pingsan,negative
biar hibur,negative
sakit jiwa warga cinta kamis,negative
kalah sasar kreator hoax,negative
kirim karang mending bikin acara sembako,negative
ahok nista agama nista orang agama,negative
balaikota museum paris moto lukis,negative
menit sedih banget bapak,negative
kayak sebentar bunga tanding,negative
saran biar kalo nganan takut bikin macet kalo ikut ngiri,negative
guberner dukung harap warga,negative
murah ahok gubenur sayang warga emang duit,negative
ampun dada ngelawan bangsa issue ganti,negative
karang bunga sungguh gila pasca gila tuntut,negative
kafir laku,negative
benci basuki goblok,negative
jungkal strategi isis,negative
simpatik simpatik,negative
lambang mati akal waras fitnah kendali,negative
bukti mantan ganti,negative
kaji liat pake perspektif netral coba kalo ngomong pikir,negative
sederhana orang susah move skeptis kontra ahok,negative
debat program adil korupsi,negative
ancam sutradara video kampanye bayar sesuai kontrak,negative
paslon minta laku maaf,negative
protes iklan streaming,negative
tata jakarta tata,negative
pilkada bukti china pilih ahok peluk kristen pilih ahok,negative
lholho dukung untuk kaum situ uang,negative
pecah orang asing pecah,negative
adil milih,negative
tunjuk haram pimpin,negative
allah azab muslim pilih pimpin kafir,negative
move lihatin ahok djarot kalah,negative
baper,negative
menang kalah tarik simpul,negative
sembako murah timses langgar milu suap suara model hina cerdas,negative
kalah gera tindak paslon gencar,negative
ngomong pilih ahok djarot rasa banjir,negative
bilang cagub cagub inti buta peta politik,negative
tolong gubernur anak turun jelang pilkada,negative
kafir haram pimpin,negative
kronologi usir sholat jumat,negative
awas serbu warga wahabi bogor depok,negative
pecat menteri gimana,negative
kuota habis ikut berita,negative
menang,negative
kalo bete taufik pilih nggak soooo pastiiii,negative
anti kerja bersih tata ruang,negative
bagai debat menang paslon,negative
pilih paslon gagal jalan tugas leceh akal,negative
dadak santun toleran deket april,negative
kemarin bilang tuju syariah,negative
rang fakta ikut caci maki,negative
rizieq ikut ternak akun heran akun twitter serbu pasu caci maki,negative
wasekjen nilai video kampanye suduntukan umat islam,negative
kasih tipu lansia,negative
mikir coblos belah kiri,negative
video kampanye hancur kebhinekaan,negative
alien serang indonesia,negative
lulung nyampah timses anies sandi gara gara takut kena semprot ahok,negative
pilpres sabang,negative
mentang mentang nama belakang ambil untung novel anies,negative
cari orang pintar buanyak cari orang jujur anti korupsi suka,negative
kampanye ngomong program program pecat mending liat udah hasil kerja,negative
timses anies ngomongnya kayak udah ahok baik liat hasil kerja,negative
pantes polling menang polling tayang hari dimetrotivi,negative
buzzer survei polling menang invoice bayar,negative
omong cocok fakta,negative
unggul main matang kelola strategi,negative
nasi bungkus deteksi,negative
kuat menang,positive
menang kalah jakarta pecah politik sara brutal,positive
hujan sembako sedekah,positive
hitung menang sungguh kalah penting,positive
terima kasih ahok,positive
kejut ahok kalah versi quick count tetep keren menginspiras,positive
serah takdir hidup jalan,positive
trimakasih kerja degan djarot pimpin,positive
harap ahok selamat nkri tikus,positive
selamat istirahat ronde lawan jahat menang,positive
kuasa tuhan kasih tuhan bangga pilih ahok,positive
kerja diomongin menteri pecat,positive
ahok coba ahok calo akhirat ribet,positive
terima kasih juang dukung terbang,positive
artis dukung ahok selamat rekan dukung anies,positive
terima gubernur terima kasih gubernur sudah mari satu,positive
pimpin bangga pegawai,positive
dukung pilkada sepenuh moga menang menang merdeka,positive
cinta menang lanjut,positive
unggul duri kosambi cengkareng,positive
warga pluit pilih ahok,positive
selesai setia,positive
nyoblos ahok,positive
warga dihimbau coblos warga coblos,positive
selamat pagi salam jari,positive
mari hati bersih coblos paslon,positive
warga dukung ahok djarot jakarta,positive
pilih mimpin omong kosong,positive
orang pimpin pimpin ribu orang ajar pimpin,positive
said aqil jalan,positive
butuh pimpin mutu batas jaja kartu moga sukses menang,positive
provinsi jambi amin tuit moga purnama hidayat pilih,positive
iwan fals pilih ahok konsisten iwan fals lawan korupsi,positive
tanggal pilih hati nurani,positive
andai contoh indonesia,positive
bener nonton concert coldplay ngerti,positive
ajar sabar djarot,positive
dapat pimpin hebat tuhan utus indonesia,positive
gantung kunci ahok model,positive
introspeksi indonesia,positive
cari pimpin cinta,positive
djarot ucap terima kasih syukur ahok penjara,positive
cinta ahok,positive
serta basukibtp,positive
lilin ahok,positive
keren selamat nkri harga mati,positive
tugu proklamasi bawah sinar purnama,positive
ahok basukibtp,positive
manado lilin harga mati,positive
lilin ahok manado,positive
sosok band brothers hidup nyata,positive
juta lilin adil,positive
moga selesai tugas negara sampe oktober lantik gubernur apbn amin,positive
salam sujud hormat djarot khabarnya tangguh tahan ahok setujuin malam ahok pulang,positive
moga,positive
dukung pasang juta lilin ahok manado,positive
manado,positive
rakyat cinta nkri juang adil,positive
semangat,positive
bangsa diri bawa menang tuhan indonesia,positive
cerita batman robbin lindung jakarta,positive
beda kerja keras suka cari muka,positive
dukung pasang lilin ahok manado,positive
jerih lelah juang bangsa korupsi tegak benar hitung tuhan,positive
tuhan ahok,positive
semangat mata mata tanda cinta indonesia,positive
padu suara warga balai kota,positive
demam karang bunga dukung jalar siantar,positive
pimpin indonesia jujur kerja nyata ahok djarod best,positive
integrasi pasar bioskop rakyat tunggu lanjut bawah gubernur,positive
malam keluarga balai kota anak lihat,positive
ribu bunga,positive
hati masuk pecat bloon,positive
indonesia harum bunga ungkap ribu bahasa cinta,positive
kantor balai kota jakarta,positive
balaikota jakarta habis,positive
jakarta medan,positive
karang bunga ahok kota,positive
menang sejati menang hati udah kalah datang rejeki tukang,positive
djarot semangat moga akhir jabat masyarakat sadar pimpin,positive
abang keren tuhan berkat berkat abang,positive
balaikota kirim bunga alir,positive
wisata balai mumpung gubernur riang gembira penuh,positive
gila,positive
allah,positive
karang bunga gubernur badja viral salah satu,positive
tuhan kati,positive
tuhan sayang jakarta ahokdjarot ahokdjarot kalah ahokdjarot menang jakarta terima,positive
lepas sayang,positive
nongkrong masang karang monas,positive
heboh papan bunga ahok,positive
jahat ninggalin lanjur sayang pada,positive
karang bunga antri foto phenomenon kayak seorg figur indonesia,positive
batam semangat,positive
karang bunga ucap terimakasih masyarakat monas,positive
hati,positive
gusur juta rakyat,positive
anies unggul pilih ahok kaum didik,positive
bikin tinggal bahagia menang,positive
terima kasih kyai,positive
jatuh cinta gubernur,positive
jokowi basukibtp dukung,positive
peach,positive
coblos bijaksana jakarta,positive
presiden bilang pilkada aman tohh,positive
kalah ahok biar paket pilpres risau hahahahahaha,positive
anies respon negatif,positive
kalah basuki tjahaja saiful hidayat pilkada jakarta pengaruh elektabilitas,positive
kondisi cuaca pilkada kontribusi positif,positive
laku ubah,positive
pdip usung pilkada suara nasional,positive
kalah jujur menang curang initerjadi pilkada terima ahok,positive
kalah pilkada ahok djarot karang bunga simpati ukur anies sandi menang bunga,positive
kalah menang jaga integritas demokrasi,positive
dukung provokasi kotor kandung nazis,positive
pilih layan pimpin agama pilih jujur bersih,positive
pimpin agama layan warga bersih kerja,positive
lupa coblos pimpin kerja keras,positive
dalang enthus,positive
bawa manfaat komitmen umat islam,positive
nyata,positive
baju seragam nyoblos,positive
bukti kerja anti korupsi juang adil,positive
mari kemari cover citra alain,positive
toba,positive
coba timpa mundur langkah maju langkah jadi jakarta maju,positive
jakarta butuh gubernur pandai main jakarta butuh gubernur nyata,positive
siar langsung ahok,positive
ahok ahok talkshow,positive
gubernur beliau tujukkan sosok pimpin berintregitas,positive
babe pilih nomor basukibtp soang,positive
hasil kerja kerja pakai terus,positive
cerdas pikir jernih,positive
kawal,positive
ahok jarot beres jakarta calon ngayal jual,positive
program ajak warga baca lengkap,positive
ustad cang pilih lupa pilih islami asli berakhlaq haji djarot,positive
usul team gerak sosialisasi programkerja,positive
nama indah nama masjid pemkot jakarta masjid raya hasyim,positive
dosen bangga harap gubernur bohong rakyat,negative
malu ngakunya,negative
berterimakasi menang amat politik,negative
daftar rumah jakarta tanggung janji akhirat,negative
janji calon gubenur lupa tagih jakarta butuh kerja nyata janji,negative
precariat kayak rumah lumayan,negative
terima hasil lapang,negative
optimis jakartaku,negative
kalo gitu tagih program,negative
sabtu ketua komplek rumah teman super maksa warga pilih anies janji milyar,negative
takut kalah buru kaya cocok pegawai bulog colek,negative
jenazah abis solat dagang agama jual mantavvv jiwa,negative
lawan ahok track record komitmen berantas korupsi,negative
maksud prostitusi judi kalijodo tata rapih,negative
bilang,negative
team sukses kerja bunga,negative
paslon cenderung nyambung bahasa prihatin,negative
moga allah rahmat mendzolimi,negative
anis persis kayak orang jual sabun wangi ngomong pinter,negative
pimpin tuhan manusia seringkali,negative
fasisme musuh rangkul islamisme orde,negative
menang pilkada bangundki stres,negative
bicara ngawur ngomong,negative
pilkada tutup debat kusut debat,negative
kali arogan pilih,negative
goreng kpud,negative
program ngomong potong warga,negative
waaaah kalo salah pilih,negative
ajar kursi pakai meja mendikbud,negative
lagu jiplak nyanyi,negative
didik orang muda akhlak ambisi kotor omong,negative
anies polisi gusur titik,negative
tebar fitnah tuai kalah,negative
pimpin mimpi tega,negative
latih sabun,negative
kotor balai kota karang bunga,negative
timses,negative
kampanye menteri agama keluar atur larang kampanye rumah menang karna sara,negative
haha kuoata pakai emang situ beliin pulsa beliin kuota,negative
raya menang pakai papan pakai kambiang syukur,negative
surat kocak anies,negative
bikin warga kelapa gading harap proyek mangkrak,negative
nilai loyo potensi kangkang ormas garis keras,negative
kalo cari suami cari team aman kotak,negative
program ahok batal anies ahok djarot,negative
sang pimpin tumbang,negative
moga bikin kecikampek brow rumah kayak program,negative
walupun sesal rugi dukung,negative
trus salah sikap paham gubernur,negative
program anggap sulit,negative
blunder menteri tendang dukung masuk kabinet,negative
dukung menang,negative
janji rumah bentuk rumah bentuk horisontal,negative
sistem aman apbd ahok jalan hilang utak utik,negative
janji janji mohon kawal,negative
anut,negative
periode,negative
sebut ekstrimis persis jajah belanda perang lawan,negative
situs counter,negative
potong telinga,negative
retorika bayar cicil rumah,negative
pimpin taring,negative
kalah martabat malu,negative
persen beda persen rupiah beda,negative
okee solusi,negative
surga mudah tinggal nyoblos,negative
kadang milih kagak nagih rumah situ sehat,negative
kasihan anti reklamasi uang wagub,negative
saran merealisir transportasi integrasi tiket yogia bicara organda,negative
sambut menang bbrp cukur rambut bersolawat,negative
bantu modal cepat kalo jual rakyat sesuai komitmen,negative
terima habib rizieq,negative
ngerasa omong kosong belah terima terima,negative
titip jayakarta,negative
potong menang gmana hahah hitz skali wkwkwk,negative
prabowo subianto amin rais ayatollah indonesia aburizal bakrie mentor arsitek menang,negative
urus timses urus umat islam dunia aparat tegak hukum,negative
dukung puji dukung kbayang kalo anies demo,negative
bismillah beli rumah awas program jalan,negative
cari layan masyarakat menang,negative
heran baca berita berita negatif pantes portal berita sepi,negative
pihak adil iklan dominasi media,negative
andai ahok muslim,negative
ente kafirun nantangin laskar kite cari ente,negative
biadab laku kelompok dukung lebih bukti lampau mampu iblis,negative
laku busuk alas lempar sembunyi tangan nunjuk malu klakuan dukung,negative
masjid jadi alat balas takbir lontar muas parah dukung,negative
buruk klakuan pndukung stelah ceramah politik masjid takbir usir djarot masjid,negative
kuota abis ikut berita,negative
akun akun provokator timses timeline ciri akun,negative
kubu seru stop politisasi kebhinekaan,negative
kawal mati kawal menang,negative
fitnah akun sebentar menang,negative
mobil mobil kena macet arah mall taman anggrek tempelin stiker sopir pilih,negative
bhineka tunggal hdapkan pilih,negative
suka baca media sikap,negative
bukti radikal dukung teroris,negative
kota papua koalisi dukung gubernur kristen,negative
tulis coba membranding konseptual absurd,negative
ahok nista agama menang pilkada logika timses,negative
mabuk miras mabok mabuk,negative
jiplak program hasil bikin dukung nista agama,negative
garansi global garansi bank cacat produksi tukar,negative
jual frontal bawa sabar,negative
karang bunga doang,negative
anies sandi menang pilkada blusukan pakai heli ujung kulon papua,negative
lucu pilkada simpati masyarakat banding menang,negative
kalo ahok jakarta koruptor,negative
berita rencana ahok menang berita curang mengalahkn,negative
anies sandi kalah debat final pilkada,negative
kalo badja buat picik prabowo menang pilkada curang,negative
kampanye sandi anies dukung jabar landa kalah pilkada,negative
pilkada panitia pakai kaos salam panitia menang main licik kalah,negative
kalah pilkada putar putar serang,negative
kalah pindah nyalon bogor kyknya cocok bogor butuh entrepreneurship education,negative
kuat jatim paska pilkada perhati partai dukung,negative
anies sandi menang pilkada,negative
kaos dukung provokatif pakai pilkada pakai bicara rekonsiliasi,negative
bilang anies sandi menang pilkada menang visi misi program,negative
paslon curang kampanye masuk masuk musolah kampanye politik duit,negative
angsur program sengsarain cagub periode gubenur babak,negative
tunggu konfirmasi bini muda ngeles,negative
fitnah menteri didik aspal anies sibuk urus istri muda,negative
artis sumur ngebor kaku tangan,negative
nginulpun diam salam,negative
wajah politik santun penuh manies tabur dusta,negative
provokasi wajah wajah,negative
orang kaya tajir,negative
intelijen bayar main alhamdulillah masyarakat cerdas tanggap,negative
isis proses knapa komentar males betengkar anak ngeles,negative
logika nalar,negative
seru nonton acara debat,negative
pihak ormas abal abal,negative
cagub kerja cagub cagub fakta cagub dusta,negative
bikin masyarakat bego,negative
goreng kpud,negative
hahaha ogah kerja ogah capek,negative
cabut pasang kaya bijak,negative
ahok masuk akal anies bullshit,negative
adekku arti ogah kerja ogah cape,negative
lucu diam,negative
mbak kusno baju cerah blush tegang debat,negative
tanya bisa,negative
jawab,negative
pasang bawa maju sejuk,positive
unggul jakarta,positive
fahri harap loyal jokowi,positive
anies sandi gubetnur selamat moga amanah istiqomah janji amien robbal allamin,positive
anies menang ahok,positive
selamat pasang mari tingkat satu,positive
mari keras moga emban,positive
mayanlah kepala dinas jamin beda warga jakarta,positive
ramai pilkada potong jago ngeles anyway selamat,positive
beliau unggul hitung suara pilgub versi quick count lembaga,positive
udah tubir anis sandi menang tubir mulu,positive
jakarta gubernur selamat lupa jalan janji janji manis,positive
selamat sukses gubernur wakil gubernur jakarta,positive
aman lancar kendali selamat,positive
tugas berat bang moga amanah wujud janji warga,positive
enak orang rumah ribu,positive
selamat pasang duren selatan,positive
selamat menang moga maju,positive
prabowo menang,positive
selamat wakil gubenur moga amanah,positive
dengar pidato anies harap menang gubernur jakarta,positive
moga program gubernur pilih wujud nyata program jalan sesuai harap,positive
terima gubernur terima kasih gubernur sudah mari satu,positive
jakarta gubenur selamat warga moga,positive
menang sombong kalah,positive
ahok djarot tinggal lanjut tugas anis sandi,positive
kalo hasil menang,positive
selamat anies sandi unggul hitung cepat,positive
pilih peci jakarta,positive
moga bukti jakarta milik pesta demokrasi baik indonesia,positive
lantun shalawat iring sandiaga keluarga,positive
orang tiga menteng,positive
sandi minimal,positive
ornamen betawi hias anies,positive
asli suku pilih pimpin muslim pimpin jakarta allahuakbar,positive
upaya buruh jakarta,positive
neng lihat expresinya,positive
unggul raih,positive
manfaat loyalis gubernur,positive
anies larang warga buka medsos nama rekonsiliasi,positive
janji anies apbd,positive
karang bunga tanding dukung lucu,positive
harap perhati olahraga jakarta,positive
ikhtiar sungguh kembali hadir adil,positive
gulir rumah orang bicara rumah kuat gagas pimpin,positive
janji kampanye bidang,positive
sahabat kerja nyata jakarta,positive
orang jakarta,positive
karang bunga mati welcome,positive
anies pasti tutup hotel alexis malioboro,positive
dampak menang gera,positive
kalah,positive
warga jakarta payung sapa program,positive
putar,positive
terima kasih warga jakarta pilih warga kebayoran kawal amanah ummat,positive
selamat amanah maju kota bahagia warga,positive
pasang pasang ideal dinamika kota,positive
situs anti hoax,positive
fakta pilih sbaliknya pmilih,positive
saksi live rajut jakarta bang anies bang,positive
rindu capai klimaks sosok gubernur jakarta cinta persija chant gema stadion,positive
nunggu hasil resmi kawal rangkul,positive
silaturahmi media ikut giat kampanye terima kasih salam,positive
pasti ucap paham nenek ucap prilaku,positive
laku umkm undang posko moga usaha sukses,positive
hati,positive
rumah pemprov subsidi juta unit,positive
menang menang warga umat islam juang tuntut adil hukum,positive
teman ahok ahok,positive
menang putar menang kelompok menang warga rakyat,positive
moga lebur rawan rawan jakarta,positive
sandiaga,positive
transisi usul program masuk,positive
sesal nyoblos kemarin,positive
terap open government good governance triple pasword apbd bantu realisasi,positive
wakil timses pantau coblos ulang gambir,positive
syukur allah orang cerdas pandai bukti menang telak,positive
ahoker kalo tuju gimana,positive
tuduh dukung ekstrimis momen gagal,positive
komitmen kota jakarta bhineka,positive
biar dukung kritisi,positive
terima kasih rawan pilih,positive
satu warga jakarta belah,positive
menang sungguh adil hukum adil sosial timpang rasa,positive
pimpin jakarta jakarta jakarta,positive
siiiip bantu kawal realisasi smua,positive
pimpin rangkul smua beda antargolongan,positive
polda objektif selidik sandiaga,positive
persija stadion rumput,positive
kompas sandiaga,positive
percaya usaha terus emban amanat jakarta,positive
dasar exitpoll litbang mayoritas pilih pilih pasang,positive
maju sejuk satu maju jakarta,positive
mari keras emban,positive
syukur menang rakyat jakarta,positive
ngawur pihak usaha beda ahok kembang,positive
saran wujud program dana butuh tuju dprd cegah korupsi,positive
tuju banget bawa jakarta,positive
saran reklamasi batal bicara perintah pusat,positive
jeda sandiaga turun panggung debat peluk erat nelayan bang,positive
jelang suara ahok tinggal anies,positive
sandiaga gaji kaum dhuafa,positive
bismillah moga gubernur,positive
karunia gubernur wagub adil tulus abdi maslahat amin,positive
sesuai hati nurani,positive
selamat hasil,positive
ramai pilkada potong nenen jago ngeles selamat,positive
moga janji gubernur penuh,positive
jakarta milik terima kasih,positive
pilih,positive
anies pasrah hasil pilkada,positive
allahuakbar,positive
beda suara,positive
menang pilkada kerja keras,positive
doain daerah kritik syukur menang pilkada,positive
feeling menang pasang,positive
umum hasil pilkada karang bunga ngaruh,positive
hasil rekapituasi manual pilkada menang,positive
alesha milih salam jari,positive
jakarta,positive
hahaha adjrot adjrot habis akal kalah kandidat favorit,positive
insya allah luka hati umat jabat,positive
sayang acara keren,positive
anies gubernur gubernur kembang,positive
ahok najwa bener bener mati kutu bingung tuding ringan,positive
hallo bang asyik habis manggung,positive
nongkrong datang timses paslon,positive
anies maju jalan ridhoi allah,positive
gubernur pilih anies,positive
coba terap,positive
lupa yaaa,positive
brgabung dukung usaha pimpin yusuf mansyur,positive
wiiih aqua pilih,positive
kayak nggak fokus insyaalloh,positive
jaring hadir okeoce mart,positive
pilih tanggal april,positive
kali rspun selfie,positive
rangkul orang batas usia kelamin,positive
jago bidang digital,positive